Workbook

Sheet Fix Tracker
A1: WAH4H — Post-UAT Fix Tracker | v2.0 Complete
A2: Module | B2: TC ID | C2: Priority | D2: Area / Sub-Issue | E2: Issue Description | F2: Status | G2: Changed By | H2: Date Changed | I2: Comments / Feedback
A3: Authentication | B3: TC-AUTH-002 | C3: High | D3: Registration — OTP Disabled | E3: OTP is disabled during testing so registration completes without OTP verification; production behavior unconfirmed | F3: Not Started
A4: Authentication | B4: TC-AUTH-002 | C4: High | D4: Registration — No Email Confirmation | E4: No confirmation email sent on successful registration | F4: Not Started
A5: Authentication | B5: TC-AUTH-002 | C5: High | D5: Registration — Password Policy | E5: Password position/uppercase requirement is missing or not enforced | F5: Not Started
A6: Authentication | B6: TC-AUTH-003 | C6: High | D6: Duplicate Email Feedback | E6: No real-time inline error when entering an already-registered email; error only fires on submit | F6: Not Started
A7: Authentication | B7: TC-AUTH-003 | C7: High | D7: Registration Rate Limit | E7: False 'Too many attempts' error fires when navigating back and forth between registration pages | F7: Not Started
A8: Authentication | B8: TC-AUTH-005 | C8: Critical | D8: OTP — Not Delivered | E8: OTP email not received by testers; no fallback or resend option shown | F8: Not Started
A9: Authentication | B9: TC-AUTH-005 | C9: Critical | D9: OTP — No Resend Button | E9: After OTP failure there is no Resend OTP button on the verification screen | F9: Not Started
A10: Authentication | B10: TC-AUTH-005 | C10: Critical | D10: OTP — System Failure on Submit | E10: System failure reported on OTP submission; endpoint returns no proper response | F10: Not Started
A11: Authentication | B11: TC-AUTH-005 | C11: High | D11: Post-Reset Sidebar Missing | E11: After password reset, user lands on dashboard with no visible sidebar navigation tabs | F11: Not Started
A12: Authentication | B12: TC-AUTH-007 | C12: High | D12: Session Timeout — Move Mouse Not Working | E12: 'Move your mouse' stay-alive interaction does not reset the idle timer | F12: Not Started
A13: Authentication | B13: TC-AUTH-007 | C13: High | D13: Session Timeout — Threshold Too Short | E13: Idle timeout fires too quickly; testers flag it as disruptive to normal clinical workflows | F13: Not Started
A14: Authentication | B14: TC-AUTH-007 | C14: Medium | D14: Wrong Legal Reference in Warning | E14: Warning message references HIPAA — must be changed to RA 10173; HIPAA is US law, not applicable in PH | F14: Not Started
... A155: Cross-Cutting | B155: — | C155: Medium | D155: FHIR Identifier Fields Editable System-Wide | E155: FHIR Identifier fields (Condition, Allergy, Immunization) are user-editable across modules; must be system-generated and read-only per PH Core FHIR R4 | F155: Not Started

Sheet Summary
A1: WAH4H — Fix Progress Summary
A2: Module | B2: Total | C2: Resolved | D2: In Progress | E2: Not Started | F2: Blocked | G2: % Done
A3: Authentication | B3: 13 | C3: =COUNTIFS('Fix Tracker'!$A$3:$A$155,A3,'Fix Tracker'!$F$3:$F$155,"Resolved") -> 0 | D3: =COUNTIFS('Fix Tracker'!$A$3:$A$155,A3,'Fix Tracker'!$F$3:$F$155,"In Progress") -> 0 | E3: =COUNTIFS('Fix Tracker'!$A$3:$A$155,A3,'Fix Tracker'!$F$3:$F$155,"Not Started") -> 13 | F3: =COUNTIFS('Fix Tracker'!$A$3:$A$155,A3,'Fix Tracker'!$F$3:$F$155,"Blocked") -> 0 | G3: =IF(B3=0,0,C3/B3) -> 0
A4: Patients | B4: 31 | C4: =COUNTIFS('Fix Tracker'!$A$3:$A$155,A4,'Fix Tracker'!$F$3:$F$155,"Resolved") -> 0 | D4: =COUNTIFS('Fix Tracker'!$A$3:$A$155,A4,'Fix Tracker'!$F$3:$F$155,"In Progress") -> 0 | E4: =COUNTIFS('Fix Tracker'!$A$3:$A$155,A4,'Fix Tracker'!$F$3:$F$155,"Not Started") -> 31 | F4: =COUNTIFS('Fix Tracker'!$A$3:$A$155,A4,'Fix Tracker'!$F$3:$F$155,"Blocked") -> 0 | G4: =IF(B4=0,0,C4/B4) -> 0
A5: Admission | B5: 10 | C5: =COUNTIFS('Fix Tracker'!$A$3:$A$155,A5,'Fix Tracker'!$F$3:$F$155,"Resolved") -> 0 | D5: =COUNTIFS('Fix Tracker'!$A$3:$A$155,A5,'Fix Tracker'!$F$3:$F$155,"In Progress") -> 0 | E5: =COUNTIFS('Fix Tracker'!$A$3:$A$155,A5,'Fix Tracker'!$F$3:$F$155,"Not Started") -> 10 | F5: =COUNTIFS('Fix Tracker'!$A$3:$A$155,A5,'Fix Tracker'!$F$3:$F$155,"Blocked") -> 0 | G5: =IF(B5=0,0,C5/B5) -> 0
A6: Appointments | B6: 8 | C6: =COUNTIFS('Fix Tracker'!$A$3:$A$155,A6,'Fix Tracker'!$F$3:$F$155,"Resolved") -> 0 | D6: =COUNTIFS('Fix Tracker'!$A$3:$A$155,A6,'Fix Tracker'!$F$3:$F$155,"In Progress") -> 0 | E6: =COUNTIFS('Fix Tracker'!$A$3:$A$155,A6,'Fix Tracker'!$F$3:$F$155,"Not Started") -> 8 | F6: =COUNTIFS('Fix Tracker'!$A$3:$A$155,A6,'Fix Tracker'!$F$3:$F$155,"Blocked") -> 0 | G6: =IF(B6=0,0,C6/B6) -> 0
A7: Monitoring | B7: 10 | C7: =COUNTIFS('Fix Tracker'!$A$3:$A$155,A7,'Fix Tracker'!$F$3:$F$155,"Resolved") -> 0 | D7: =COUNTIFS('Fix Tracker'!$A$3:$A$155,A7,'Fix Tracker'!$F$3:$F$155,"In Progress") -> 0 | E7: =COUNTIFS('Fix Tracker'!$A$3:$A$155,A7,'Fix Tracker'!$F$3:$F$155,"Not Started") -> 10 | F7: =COUNTIFS('Fix Tracker'!$A$3:$A$155,A7,'Fix Tracker'!$F$3:$F$155,"Blocked") -> 0 | G7: =IF(B7=0,0,C7/B7) -> 0
A8: Laboratory | B8: 9 | C8: =COUNTIFS('Fix Tracker'!$A$3:$A$155,A8,'Fix Tracker'!$F$3:$F$155,"Resolved") -> 0 | D8: =COUNTIFS('Fix Tracker'!$A$3:$A$155,A8,'Fix Tracker'!$F$3:$F$155,"In Progress") -> 0 | E8: =COUNTIFS('Fix Tracker'!$A$3:$A$155,A8,'Fix Tracker'!$F$3:$F$155,"Not Started") -> 9 | F8: =COUNTIFS('Fix Tracker'!$A$3:$A$155,A8,'Fix Tracker'!$F$3:$F$155,"Blocked") -> 0 | G8: =IF(B8=0,0,C8/B8) -> 0
A9: Pharmacy | B9: 7 | C9: =COUNTIFS('Fix Tracker'!$A$3:$A$155,A9,'Fix Tracker'!$F$3:$F$155,"Resolved") -> 0 | D9: =COUNTIFS('Fix Tracker'!$A$3:$A$155,A9,'Fix Tracker'!$F$3:$F$155,"In Progress") -> 0 | E9: =COUNTIFS('Fix Tracker'!$A$3:$A$155,A9,'Fix Tracker'!$F$3:$F$155,"Not Started") -> 7 | F9: =COUNTIFS('Fix Tracker'!$A$3:$A$155,A9,'Fix Tracker'!$F$3:$F$155,"Blocked") -> 0 | G9: =IF(B9=0,0,C9/B9) -> 0
A10: Discharge | B10: 10 | C10: =COUNTIFS('Fix Tracker'!$A$3:$A$155,A10,'Fix Tracker'!$F$3:$F$155,"Resolved") -> 0 | D10: =COUNTIFS('Fix Tracker'!$A$3:$A$155,A10,'Fix Tracker'!$F$3:$F$155,"In Progress") -> 0 | E10: =COUNTIFS('Fix Tracker'!$A$3:$A$155,A10,'Fix Tracker'!$F$3:$F$155,"Not Started") -> 10 | F10: =COUNTIFS('Fix Tracker'!$A$3:$A$155,A10,'Fix Tracker'!$F$3:$F$155,"Blocked") -> 0 | G10: =IF(B10=0,0,C10/B10) -> 0
A11: Billing | B11: 11 | C11: =COUNTIFS('Fix Tracker'!$A$3:$A$155,A11,'Fix Tracker'!$F$3:$F$155,"Resolved") -> 0 | D11: =COUNTIFS('Fix Tracker'!$A$3:$A$155,A11,'Fix Tracker'!$F$3:$F$155,"In Progress") -> 0 | E11: =COUNTIFS('Fix Tracker'!$A$3:$A$155,A11,'Fix Tracker'!$F$3:$F$155,"Not Started") -> 11 | F11: =COUNTIFS('Fix Tracker'!$A$3:$A$155,A11,'Fix Tracker'!$F$3:$F$155,"Blocked") -> 0 | G11: =IF(B11=0,0,C11/B11) -> 0
A12: eClaims | B12: 5 | C12: =COUNTIFS('Fix Tracker'!$A$3:$A$155,A12,'Fix Tracker'!$F$3:$F$155,"Resolved") -> 0 | D12: =COUNTIFS('Fix Tracker'!$A$3:$A$155,A12,'Fix Tracker'!$F$3:$F$155,"In Progress") -> 0 | E12: =COUNTIFS('Fix Tracker'!$A$3:$A$155,A12,'Fix Tracker'!$F$3:$F$155,"Not Started") -> 5 | F12: =COUNTIFS('Fix Tracker'!$A$3:$A$155,A12,'Fix Tracker'!$F$3:$F$155,"Blocked") -> 0 | G12: =IF(B12=0,0,C12/B12) -> 0
A13: Dashboard | B13: 2 | C13: =COUNTIFS('Fix Tracker'!$A$3:$A$155,A13,'Fix Tracker'!$F$3:$F$155,"Resolved") -> 0 | D13: =COUNTIFS('Fix Tracker'!$A$3:$A$155,A13,'Fix Tracker'!$F$3:$F$155,"In Progress") -> 0 | E13: =COUNTIFS('Fix Tracker'!$A$3:$A$155,A13,'Fix Tracker'!$F$3:$F$155,"Not Started") -> 2 | F13: =COUNTIFS('Fix Tracker'!$A$3:$A$155,A13,'Fix Tracker'!$F$3:$F$155,"Blocked") -> 0 | G13: =IF(B13=0,0,C13/B13) -> 0
A14: Admin Panel | B14: 14 | C14: =COUNTIFS('Fix Tracker'!$A$3:$A$155,A14,'Fix Tracker'!$F$3:$F$155,"Resolved") -> 0 | D14: =COUNTIFS('Fix Tracker'!$A$3:$A$155,A14,'Fix Tracker'!$F$3:$F$155,"In Progress") -> 0 | E14: =COUNTIFS('Fix Tracker'!$A$3:$A$155,A14,'Fix Tracker'!$F$3:$F$155,"Not Started") -> 14 | F14: =COUNTIFS('Fix Tracker'!$A$3:$A$155,A14,'Fix Tracker'!$F$3:$F$155,"Blocked") -> 0 | G14: =IF(B14=0,0,C14/B14) -> 0
... A17: Cross-Cutting | B17: 14 | C17: =COUNTIFS('Fix Tracker'!$A$3:$A$155,A17,'Fix Tracker'!$F$3:$F$155,"Resolved") -> 0 | D17: =COUNTIFS('Fix Tracker'!$A$3:$A$155,A17,'Fix Tracker'!$F$3:$F$155,"In Progress") -> 0 | E17: =COUNTIFS('Fix Tracker'!$A$3:$A$155,A17,'Fix Tracker'!$F$3:$F$155,"Not Started") -> 14 | F17: =COUNTIFS('Fix Tracker'!$A$3:$A$155,A17,'Fix Tracker'!$F$3:$F$155,"Blocked") -> 0 | G17: =IF(B17=0,0,C17/B17) -> 0
A18: TOTAL | B18: =SUM(B3:B17) -> 153 | C18: =SUM(C3:C17) -> 0 | D18: =SUM(D3:D17) -> 0 | E18: =SUM(E3:E17) -> 153 | F18: =SUM(F3:F17) -> 0 | G18: =IF(B18=0,0,C18/B18) -> 0
A20: Status Legend
A21: Resolved
A22: In Progress
A23: Not Started
A24: Blocked
A25: Skipped

Sheet Changelog
A1: WAH4H — Fix Changelog
A2: Date | B2: Module | C2: TC ID | D2: Changed By | E2: Status | F2: Comments / Notes
